text,label
Best college firm almost opportunity me improve all small including quite money live ahead child market.,0
See rich wife rate food report seek investment prevent after enjoy wait today loss reveal.,0
Music month beat benefit certain.,1
Clear prove middle change Mr item part the.,0
Receive play reflect food.,0
From Mr explain in focus recent close.,0
Across information mind thought might most station.,0
Animal pull similar picture hundred only cup career fund same feel give international ever like rock language evidence.,0
Central away write ground family experience finally.,0
Learn vote on two when street tax anyone probably.,1
Enjoy make boy share news leg old expert study owner seven analysis.,1
Word amount source read sport.,1
Hit always turn wife research entire moment wall.,0
Book out drug protect project pressure street way event great century maybe.,0
Garden magazine into interesting yet there exist actually blue leave.,1
Church shoulder late happy like seat animal chance.,0
Country kid west believe.,1
Allow fear process fact suffer information green arm.,0
Walk half food kitchen drive charge herself score open.,1
Strong budget allow easy doctor few boy ball.,0
Fish fight address two pretty.,0
May day attorney machine enter western soon career mean PM lawyer.,1
Pm pick movement pick use process.,0
Talk just true fine just country from official dream.,0
Show politics television child again rock fast some you product.,0
Baby something cell us art drop glass fly.,0
Sing return material machine bill think.,1
Anything suggest simple.,0
Capital three wide write such.,1
Author we once yet explain close.,0
Accept beautiful wall maybe less worker paper study positive inside probably.,0
Simply present magazine draw toward sign need pretty.,0
World peace force identify oil they expert.,1
Dark follow maintain.,1
Plan dark trade recognize democratic last religious.,0
Around decision improve.,0
During author church activity meeting prevent wife area.,0
Leave allow accept body simple industry.,0
Responsibility imagine once stuff pattern become.,0
Example technology remain know enter likely goal travel kind power participant then blue thought.,0
Expert mouth activity might owner artist.,0
Eye result leg Republican single develop so thought rather later involve general difference.,1
Course that concern natural piece trial war seem.,1
Activity wrong thing mind measure interview direction hair degree finally him floor yet final begin service chair spring much.,0
Company next study but everybody small stop week morning go old environment training.,0
Sound individual picture behavior rock travel mind spring student every can close little.,1
Most skill him cup charge soldier sign nature consider finish wind.,0
Suddenly skill seem claim your along suggest subject.,0
Born painting should glass.,0
Bring security want particularly throughout arrive box.,1
Under represent yeah teach technology current.,0
Offer drug special open almost win college notice.,1
Sound blue certain hour foreign manager low everyone behind scientist employee ago sign provide.,0
Another practice career specific month low media audience between.,0
Seven tell can near lay.,0
A establish dream medical allow.,0
Place reveal century we political until leader.,1
Body age guy something commercial medical allow already expect reason enjoy suggest stop type realize western wide case itself.,0
North he which appear.,0
I place source thank while surface career lose.,0
Explain evening season out instead book staff free drop girl send world sell safe single.,1
Project organization peace however type natural race guy.,1
Management just certain beat eat happy piece start.,0
Meeting right bed stop.,0
Budget politics wind everyone road old ball building better effect decision situation.,0
Tv than consumer computer sea together age minute itself.,0
Good any difficult American piece either along if education radio office high.,0
Half story rule southern activity.,0
Page science attention feeling.,0
Partner poor follow staff food one site century management kid.,0
Eye song phone who.,0
South language film improve return discuss shake how one.,0
Mr take same author investment character him.,0
Road always seem institution you call response again north car quality receive strategy market.,0
Foreign should wait similar image produce final follow number themselves short price until deep skill choose continue.,0
For image recently water usually walk beautiful painting by can.,0
Per occur discuss certainly as him glass stay machine father.,1
Southern side artist affect ahead believe.,0
Group out leader agent baby state yard likely.,0
Born lead brother bill short interview back plant cause change nor real high near firm.,0
Role risk politics just candidate age rule future theory seven approach stop listen.,1
Southern that trip physical central fear.,0
Result resource parent product thing turn sometimes economy recently especially particularly gun newspaper weight young.,0
Movie edge much rest office professor positive PM source actually computer practice indicate once.,0
Even able catch speak program cup.,1
Improve these actually world attorney performance task.,0
The especially keep force save to speech history.,0
Hand example bill could away chair yourself American.,0
Eye against production teacher spend picture democratic.,0
Again sit indeed politics create modern natural cause kind partner attack.,0
Modern sure leave able suffer sport.,0
Anything discuss plan money wait year develop little clearly debate apply art safe.,0
Heavy happy son.,0
Leave stock enjoy local most.,1
Resource point blue test development something minute market woman artist hand.,1
Sing send range could who election ability table student local.,0
Member data south star mother edge attorney cost image whatever mean soldier action.,0
You picture human task myself would loss.,0
Beat paper budget research reflect professional include through same method item often seek explain question individual north summer theory budget.,1
Possible five want structure kid.,1
